Transaction number â€“ Date,Time,Client ID,Message,Digital signature,Verified,Transactions status
1/-2019-04-24,11:44:46,659199722,24320,8167223254525345149,true,false
2/-2019-04-24,11:44:46,1200541038,20647,638659496274289930,true,false
3/-2019-04-24,11:44:46,1200541038,28357,5101163005466106318,true,false
4/-2019-04-24,11:44:46,1786485691,4685,6758708482435461530,true,true
5/-2019-04-24,11:44:46,230994500,1242,3578233886093398685,true,true
6/-2019-04-24,11:44:46,915313583,25924,2947227855342281098,true,false
7/-2019-04-24,11:44:46,227588307,14276,100518987658145240,true,false
8/-2019-04-24,11:44:46,37996071,9975,2585009222412841976,true,false
9/-2019-04-24,11:44:46,40483214,12403,8430849100760301129,true,false
10/-2019-04-24,11:44:46,559177822,22600,10893162236030557067,true,false
11/-2019-04-24,11:44:46,1855033823,20022,6552982939140186114,true,false
12/-2019-04-24,11:44:46,309341824,5227,942177657412410007,true,true
13/-2019-04-24,11:44:46,1477583168,18246,2445380417986646764,true,false
14/-2019-04-24,11:44:46,1692825236,10512,5584059545569358753,true,false
15/-2019-04-24,11:44:46,729335308,20097,8202320959487777853,true,false
16/-2019-04-24,11:44:46,1387550189,22982,3990791586633034341,true,false
17/-2019-04-24,11:44:46,1836533933,26392,3010098043745862635,true,false
18/-2019-04-24,11:44:46,1933222048,16979,938942043720999169,true,true
19/-2019-04-24,11:44:46,2017514876,10731,1225179300128788868,true,true
20/-2019-04-24,11:44:46,711244377,11087,4315739365914757443,true,true
